{
  "pytorch_4090": {
    "mean_ms": 13.407457560001035,
    "p50_ms": 13.34717549998743,
    "p95_ms": 14.397621850000064,
    "fps": 74.58535636042862
  },
  "onnx_cpu": {
    "mean_ms": 48.950929879998164,
    "p50_ms": 49.77355849999299,
    "p95_ms": 53.049110100016605,
    "fps": 20.428621120200823
  },
  "tensorrt_fp16_4090": {
    "mean_ms": 11.519309980001822,
    "p50_ms": 11.33538050001448,
    "p95_ms": 14.10912940002049,
    "fps": 86.81075530878645
  }
}