{
  "direct": {
    "AP50_all": 0.38033600635602827,
    "AP_all": 0.22219112509147765,
    "AR500_all": 0.3478024390036936,
    "AR100_all": 0.34631436769992563,
    "AP_tiny": 0.07523729457586928,
    "AR500_tiny": 0.18143262496541368,
    "AR100_tiny": 0.17968140332972063,
    "AP_small": 0.18362169230126127,
    "AR500_small": 0.32604094676247186,
    "AR100_small": 0.3243633687924228,
    "AP_medium": 0.3157537948419063,
    "AR500_medium": 0.45357438915301684,
    "AR100_medium": 0.4521658656347899,
    "AP_large": 0.4796286571196538,
    "AR500_large": 0.5819373679369283,
    "AR100_large": 0.5818860200550284,
    "ms_per_img": 10.485240822993008,
    "cap_mean": 240.0036496350365,
    "cap_max": 300,
    "cap_n_at_cap": 323,
    "cap_n_over_cap": 0
  },
  "sahi_512_0.2": {
    "AP50_all": 0.4653422424609698,
    "AP_all": 0.26854267391892717,
    "AR500_all": 0.45532405984231156,
    "AR100_all": 0.4512558417453464,
    "AP_tiny": 0.1338797615752651,
    "AR500_tiny": 0.3160363153734594,
    "AR100_tiny": 0.3102944566572908,
    "AP_small": 0.2475165014703792,
    "AR500_small": 0.44270952086008414,
    "AR100_small": 0.43849824658721587,
    "AP_medium": 0.3486339262819285,
    "AR500_medium": 0.5334366524578303,
    "AR100_medium": 0.5312839102222384,
    "AP_large": 0.45496932008451857,
    "AR500_large": 0.5758571865497657,
    "AR100_large": 0.5754207295536168,
    "ms_per_img": 106.87334162591335,
    "cap_mean": 395.0529197080292,
    "cap_max": 966,
    "cap_n_at_cap": 374,
    "cap_n_over_cap": 373
  }
}